id,title,type,url,notes
source_01,How I Survived the Toughest Job Market as an International Student,reddit,https://www.reddit.com/r/internships/comments/1jpcszv/how_i_survived_the_toughest_job_market_as_an/,International student internship search experience application volume recruiting challenges sponsorship concerns
source_02,Advice for International Students in the US,forum,https://www.wallstreetoasis.com/forum/investment-banking/advice-for-international-students-in-the-us-f-1-visa-opt-cpt-h-1b,Career advice networking recruiting mistakes internship strategy long term planning
source_03,I'm an international student at UNC. Here's how I got an AI summer internship.,article,https://www.businessinsider.com/unc-student-landed-internship-after-changing-major-2026-4,Personal success story networking projects internship search strategy
source_04,Want to land a tech internship? A Google engineer explains how networking 'intentionally' can help,article,https://www.businessinsider.com/google-engineer-advice-internship-tech-job-offer-2025-6,Projects networking interview preparation internship recruiting
source_05,No Internship? No Problem,pdf,local_file,Advice for leveling-up your resume if you didn't land a summer internship
source_06,How to Add Projects to Your Resume (And Actually Get Credit for Them),article,https://rewritingthecode.org/resources/member-resources/how-to-add-projects-to-your-resume/?utm_source=student_slack&utm_medium=slack&utm_campaign=article_roundup_june,How to add projects to your resume
source_07,Building Confidence: Empower Yourself as a Woman in Tech,article,https://rewritingthecode.org/resources/member-resources/building-confidence-empower-yourself-as-a-woman-in-tech/?utm_source=student_slack&utm_medium=slack&utm_campaign=article_roundup_june,Building confidence in your career
source_08,Google Early Careers Session Notes,txt,local_file,Tips from a Google Recruiter and Nooglers 
source_09,Squarespace Acing Technical Recruitment Info Session,txt,local_file,Tips from a Squarespace Recruiter and two SWE Recent Grads
source_10,How to Ace the First 30 Days of Your New Job,article,https://rewritingthecode.org/resources/member-resources/how-to-ace-the-first-30-days/?utm_source=student_slack&utm_medium=slack&utm_campaign=article_roundup_june,Thriving in your new job during the first 30 days
source_11,Underclassmen Opportunities,github_repo,https://github.com/Jose-Gael-Cruz-Lopez/underclassmen-opportunities/tree/main?tab=readme-ov-file,A resource for finding underclassmen career opportunities
source_12,Google's AI-Assisted Coding Interview (2026 Guide),article,https://www.tryexponent.com/blog/google-ai-coding-interview,A Guide on Google's AI-Assisted Coding Interview (2026 Guide)
source_13,Using AI in Meta’s AI-assisted coding interview (with real prompts and examples),article,https://interviewing.io/blog/how-to-use-ai-in-meta-s-ai-assisted-coding-interview-with-real-prompts-and-examples,A Guide on Meta's Meta’s AI-assisted coding interview 


